Top queries,Clicks,Impressions,CTR,Position
9anon ai,212,3319,6.39%,2.92
9anon.ia,19,765,2.48%,4.26
9anoun ai,19,618,3.07%,5.67
9anon maroc,11,73,15.07%,3.4
9anon,10,160,6.25%,4.26
9anouni ai,7,240,2.92%,5.91
شروط الترشح في الانتخابات 2026,5,64,7.81%,8.94
استشارة قانونية مجانية في المغرب,5,55,9.09%,1.93
العمل عن بعد في القانون المغربي,5,23,21.74%,2.78
mahakim.ma,4,134,2.99%,6.15
شرح قانون المنافسة المغربي,4,34,11.76%,10
جدول الضريبة على الكراء 2026,4,29,13.79%,6.52
قانون ai المغرب,4,20,20%,6.35
liste des produits exonérés de tva au maroc 2026,4,14,28.57%,2.71
9anoun.ia,3,247,1.21%,6.47
جدول الضريبة على الدخل 2026,3,68,4.41%,5.68
augmentation loyer maroc,3,50,6%,7.04
قانون الكراء في المغرب 2026,2,224,0.89%,4.4
جدول شرائح الضرائب على الدخل 2026,2,73,2.74%,7.96
قانون المنافسة المغربي,2,58,3.45%,10.4
9anoun.ai,2,50,4%,6.04
قانون التعليم المدرسي 59.21 تحميل,2,41,4.88%,9.83
9anoun,2,35,5.71%,5.2
9anon.ai,2,21,9.52%,2.67
نعم,2,10,20%,2.8
قراءة في قانون حماية المستهلك المغربي,2,3,66.67%,22.67
المساعد القانوني الذكي,2,2,100%,1.5
mahakim ma suivi dossier,1,197,0.51%,7.34
mahakim ma,1,133,0.75%,6.41
mahakim.ma en français,1,61,1.64%,5.93
شرائح ضريبة الدخل 2026,1,51,1.96%,7.2
قانون حماية المستهلك,1,48,2.08%,10.83
قانون الامن السيبراني,1,47,2.13%,9.83
تغيير الاسم العائلي في القانون المغربي,1,29,3.45%,9.55
augmentation loyer 3 ans maroc,1,27,3.7%,6.37
amnistie fiscale maroc 2026,1,26,3.85%,9.92
قانون الإقامة الجديد في المغرب,1,25,4%,9.84
9anouni.ia,1,23,4.35%,4.04
تغيير الاسم العائلي في المغرب,1,22,4.55%,8.36
عقوبة الجرائم الإلكترونية في المغرب,1,17,5.88%,9.59
جدول حساب الضريبة على الدخل 2026,1,16,6.25%,8.56
قانون الكراء الجديد 2026,1,15,6.67%,1
9anoni ai,1,15,6.67%,4.87
yes,1,11,9.09%,3.45
تغيير الاسم في المغرب,1,9,11.11%,7.33
قانون الإرث في المغرب 2026,1,9,11.11%,8.33
9anoni,1,8,12.5%,3.62
قانون الزيادة في السومة الكرائية بالمغرب,1,8,12.5%,10.62
augmentation du loyer au maroc,1,7,14.29%,7.71
استشارة قانونية مجانية بالمغرب,1,5,20%,1
حماية المستهلك المغرب,1,5,20%,8.2
مسطرة تغيير الاسم العائلي,1,5,20%,10.6
mahakim.ma rc,1,4,25%,6.25
التسجيل العقاري,1,4,25%,8.5
شرائح ضريبة كسب العمل 2026,1,4,25%,11.25
القانون رقم 46.18 المتعلق بعقود الشراكة بين القطاعين العام والخاص,1,4,25%,14
قانون الانتخابات الجديد 2026,1,4,25%,18.25
nouvelle loi héritage maroc,1,4,25%,68.5
9anoune ai,1,3,33.33%,2.67
المواد المعفاة من الرسم على القيمة المضافة 2026,1,3,33.33%,3
تغيير الاسم الشخصي بالمغرب,1,2,50%,5.5
mahakim rendez vous en ligne,1,2,50%,8.5
نظام حماية المؤشرات الجغرافية,1,2,50%,8.5
قانون التنقيب عن المعادن في المغرب,1,2,50%,11
moudawana héritage maroc,1,2,50%,12
الجريمة الإلكترونية بالمغرب,1,2,50%,24.5
الذكاء الاصطناعي في القانون المغربي pdf,1,2,50%,30
augmentation du loyer 2026,1,1,100%,1
ذكاء اصطناعي قانوني مجاني,1,1,100%,1
without kids,1,1,100%,3
عقود العمل عن بعد,1,1,100%,3
augmentation prix loyer,1,1,100%,4
projet de loi fonction publique 2026,1,1,100%,8
حرية الأسعار وتنظيم المنافسة في القانون المغربي دراسة مقارنة,1,1,100%,13
كتابة عقد بالذكاء الاصطناعي,1,1,100%,17
قانون الانتخابات بالمغرب 2026,1,1,100%,24
tax compliance morocco,0,648,0%,7.89
moroccan family code article 114 divorce by mutual consent,0,189,0%,2.59
morocco law 10-95 water,0,148,0%,4.19
mahakim,0,103,0%,6.35
morocco family code article 114 divorce by mutual consent,0,89,0%,2.6
calcul impôt revenu locatif maroc 2026,0,78,0%,18.27
maroc loi 31-08 protection du consommateur,0,72,0%,7.85
maroc loi 49-17 evaluation environnementale,0,65,0%,8.45
loi 31-08 protection du consommateur maroc,0,63,0%,8.06
mahakim .ma,0,61,0%,5.64
moroccan family code article 49 joint property between spouses,0,56,0%,8.12
قانون الشغل المغربي القطاع الخاص 2026,0,53,0%,10.26
morocco water law 10-95 36-15,0,52,0%,7.17
property disputes in morocco,0,52,0%,10.33
mahakim ma en français,0,51,0%,5.63
morocco water law 10-95,0,41,0%,3.93
mahakim maroc en ligne,0,41,0%,6.98
mahakim maroc en français,0,36,0%,5.86
how to create a company in morocco,0,30,0%,10.57
morocco cybercrime law number,0,29,0%,7.24
قانون الأمن السيبراني بالمغرب,0,27,0%,9.11
"""loi 10-95"" eau maroc",0,27,0%,9.26
maroc loi 95-17 arbitrage mediation conventionnelle,0,26,0%,9.04
morocco permanent residency,0,26,0%,14.85
maroc droit du sol,0,24,0%,13.38
التسجيل و التحفيظ في المغرب 2026,0,23,0%,5.13
"""loi 24-86"" impôt sur les sociétés maroc",0,22,0%,3.27
crypto regulations morocco 2026,0,22,0%,4.05
9anoun ia,0,22,0%,4.86
قانون الشغل المغربي 2026,0,22,0%,7.09
اجراءات تغيير الاسم العائلي في المغرب,0,22,0%,8.86
maroc décret 2-97-875 utilisation des eaux usées,0,22,0%,8.95
قانون الأمن السيبراني,0,22,0%,10.41
entrepreneuriat social maroc,0,22,0%,62.36
تجديد بطاقة الإقامة في المغرب,0,21,0%,6.57
time to register a company in morocco,0,21,0%,7.14
augmentation de loyer au maroc,0,21,0%,7.67
maroc loi 49-17 relative à l'évaluation environnementale,0,21,0%,9.24
ompic ai company registration morocco,0,20,0%,3.55
maroc loi 24-86 impot sur les societes,0,19,0%,5.42
"""loi 24-86"" impot sur les societes maroc",0,18,0%,3.28
morocco cryptocurrency regulations 2026,0,18,0%,4.61
القانون 15.09 المتعلق بتدابير الحماية التجارية,0,18,0%,4.78
الإقامة الدائمة في المغرب,0,18,0%,5.33
الشرائح الضريبية 2026,0,18,0%,7.33
شرائح الضرائب على المرتبات 2026,0,18,0%,8.67
liste des produits exonérés de tva au maroc,0,18,0%,8.89
décret 2-97-875 utilisation des eaux usées maroc,0,18,0%,9.5
مدونة التجارة المغربية 2026,0,18,0%,9.72
divorce amiable maroc,0,18,0%,81.67
قانون الشغل في المغرب 2026,0,17,0%,5.82
divorce in morocco,0,17,0%,11.94
corporate tax rate morocco 2026,0,16,0%,5.56
maroc loi 24-86 impôt sur les sociétés,0,16,0%,5.81
morocco citizenship by investment,0,16,0%,7.81
"""loi 17-89"" impot general sur le revenu maroc",0,16,0%,10.81
code du travail maroc,0,16,0%,30.56
is cryptocurrency legal in morocco 2026,0,15,0%,5.53
maroc loi 95-17 arbitrage médiation conventionnelle,0,15,0%,8.47
الطلاق بالتراضي,0,15,0%,9.07
mahakim ma procedure,0,14,0%,6.79
قانون الزيادة في الكراء بالمغرب,0,14,0%,8.36
القانون 05.20 المتعلق بالامن السيبراني,0,14,0%,8.43
loi 95-17 arbitrage et mediation conventionnelle maroc,0,14,0%,9.5
loi 49-17 relative à l'évaluation environnementale maroc,0,14,0%,9.64
code du travail marocain loi 65-99,0,14,0%,9.93
company incorporation morocco,0,14,0%,39.14
قانون الكراء 2026,0,13,0%,1.62
morocco e-commerce regulation,0,13,0%,2.92
قانون الكراء في المغرب 2026 pdf,0,13,0%,3
cryptocurrency regulations morocco 2026,0,13,0%,4.54
taux d'augmentation du loyer au maroc,0,13,0%,5.08
ompic enregistrement immatriculation entreprises intelligence artificielle,0,13,0%,6.46
morocco divorcee relationship status,0,13,0%,8.08
legal requirements to open a retail store in morocco,0,13,0%,12
acte d'hérédité,0,13,0%,25.31
قانون حماية المستهلك بالمغرب,0,13,0%,28.08
morocco corporate tax rate 2026,0,12,0%,5.25
cryptocurrency regulations in morocco 2026,0,12,0%,5.33
business registration timeline morocco cri,0,12,0%,5.42
شرائح ضرائب الدخل 2026,0,12,0%,5.67
cadre légal des cryptomonnaies et de la blockchain au maroc,0,12,0%,6.42
mahakim ma rendez vous,0,12,0%,7.5
qanoun ai,0,12,0%,8.25
loi cybersécurité maroc,0,12,0%,8.92
mahakim ma rc,0,12,0%,9.42
maroc code du travail loi 65-99,0,12,0%,9.75
company set up morocco,0,12,0%,54.75
code de procédure pénale marocain délai pourvoi en cassation 10 jours,0,11,0%,2.27
"""ompic"" ""intelligence artificielle"" enregistrement entreprises",0,11,0%,5.36
time to register a business in morocco,0,11,0%,6.82
foreigners buying property in morocco restrictions agricultural land,0,11,0%,7.27
القانون رقم 05.20 المتعلق بالأمن السيبراني,0,11,0%,8
الشرائح الضريبية للمرتبات 2026,0,11,0%,8.55
opening a retail store in morocco legal requirements,0,11,0%,8.73
auto-entrepreneur morocco turnover limits,0,11,0%,9
قانون الإرث في المغرب,0,11,0%,9.36
loi 65-99 code du travail maroc,0,11,0%,9.45
maroc loi 65-99 code du travail,0,11,0%,9.64
company registration in morocco,0,11,0%,32.09
moroccan citizenship,0,11,0%,48.64
exonération tva importations maroc mastics silicone,0,10,0%,2.9
morocco dual citizenship policy 2026,0,10,0%,4.4
law 10-95 water morocco,0,10,0%,4.8
زيادة الكراء في المغرب,0,10,0%,7.1
قانون التجارة الالكترونية,0,10,0%,7.5
company registration time morocco cri,0,10,0%,8.2
ompic ai artificial intelligence company registration morocco,0,10,0%,8.2
قانون زيادة الكراء في المغرب,0,10,0%,8.6
moroccan inheritance law mother share with children 1/6,0,10,0%,8.8
consumer protection laws morocco,0,10,0%,8.9
kanoun.ia,0,10,0%,8.9
maroc loi 49-17 évaluation environnementale,0,10,0%,9.6
قانون التجارة الالكترونية بالمغرب,0,10,0%,10.5
قانون الارث الجديد في المغرب,0,10,0%,11.4
droit du sol maroc,0,10,0%,13
code de travail marocain,0,10,0%,43.3
créer une association au maroc,0,10,0%,70.3
oui,0,9,0%,2.33
9anone,0,9,0%,3.22
company registration time morocco,0,9,0%,6.56
قانون البيع والشراء في المغرب,0,9,0%,7.56
droit des successions,0,9,0%,8.78
company registration process in morocco cri,0,9,0%,9.11
maroc loi 95-17 arbitrage et mediation conventionnelle,0,9,0%,9.56
قانون الكراء الجديد بالمغرب 2026,0,9,0%,10
قانون الجنسية المغربية,0,9,0%,32.56
can foreigners buy property in morocco,0,9,0%,60.11
morocco tax reform law 24-86 impots sur les societes,0,8,0%,3.75
loi 24-86 impot sur les societes maroc,0,8,0%,3.88
loi augmentation loyer maroc,0,8,0%,4.38
augmentation loyer tous les 3 ans,0,8,0%,4.62
company registration process morocco cri,0,8,0%,4.75
crypto regulations in morocco 2026,0,8,0%,5.88
مقيم عقارات المغرب 2026,0,8,0%,5.88
morocco citizenship requirements,0,8,0%,6.25
can foreigners buy property in morocco restrictions agricultural land,0,8,0%,6.38
mahakim maroc rc,0,8,0%,6.5
how to open a retail store in morocco legal requirements,0,8,0%,6.75
loi 21-18,0,8,0%,6.75
guichet unique company registration morocco,0,8,0%,7
business registration process morocco cri,0,8,0%,8
mahakim ma maroc,0,8,0%,9.38
"loi n° 95-17 relative à l’arbitrage et à la médiation conventionnelle 
morocco",0,8,0%,9.5
loi 95-17 arbitrage mediation conventionnelle maroc,0,8,0%,9.88
الإرث في القانون المغربي,0,8,0%,13.62
morocco company registration,0,8,0%,31.25
registration company in morocco,0,8,0%,33.75
code du travail,0,8,0%,64.38
"""loi 24-86"" impots sur les societes maroc",0,7,0%,2.86
company registration timeline morocco,0,7,0%,4.86
business registration time morocco,0,7,0%,5.29
الفصل 707 من قانون المسطرة الجنائية,0,7,0%,5.71
نسبة الزيادة في الكراء بالمغرب,0,7,0%,5.71
morocco law 10-95 water 36-15,0,7,0%,6.43
"ompic maroc enregistrement immatriculation entreprises intelligence 
artificielle",0,7,0%,6.86
mahakim rc,0,7,0%,7.29
قانون تغيير الاسم العائلي بالمغرب,0,7,0%,8.14
morocco citizenship by marriage requirements 2026,0,7,0%,8.43
opening retail store morocco legal requirements business registration,0,7,0%,8.71
loi 65-99 code du travail marocain,0,7,0%,8.86
الارث في القانون المغربي,0,7,0%,10.86
وثائق الحالة المدنية بالمغرب 2026,0,7,0%,10.86
"""ompic"" ""intelligence artificielle"" or ""ia"" immatriculation or 
enregistrement",0,6,0%,2
liste des produits contrôlés au maroc 2026,0,6,0%,2
dépassement 90 jours maroc,0,6,0%,2.83
"""ompic"" ""intelligence artificielle"" or ""ia"" enregistrement entreprises",0,6,0%,3.67
morocco divorce laws,0,6,0%,4
mahakim en ligne,0,6,0%,4.17
auto-entrepreneur morocco turnover limit 2026,0,6,0%,4.5
قانون,0,6,0%,5
loi 31-08 maroc,0,6,0%,6.17
cri morocco one-stop shop company registration,0,6,0%,7
tva sucre maroc 2026,0,6,0%,7.17
company registration timeline morocco cri,0,6,0%,7.67
قانون التجارة الإلكترونية في المغرب,0,6,0%,8.17
كيف يوزع الميراث بعد وفاة الأب في المغرب,0,6,0%,8.17
رسم الاراثة في القانون المغربي,0,6,0%,8.33
how to register a business in morocco retail store,0,6,0%,8.5
الإعفاء من الضريبة على المشروبات,0,6,0%,8.5
mahakim ma registre de commerce,0,6,0%,8.83
قانون التداول في المغرب,0,6,0%,9
maroc loi 31-08 protection du consommateur texte,0,6,0%,9.17
قانون حماية البيانات الشخصية,0,6,0%,9.17
قانون الشغل 2026,0,6,0%,9.33
clause de non concurrence maroc,0,6,0%,9.5
loi n° 95-17 relative à l'arbitrage et à la médiation maroc texte intégral,0,6,0%,9.67
loi 05.20,0,6,0%,10.17
قانون الزيادة في الكراء التجاري بالمغرب,0,6,0%,11.33
permanent residency in morocco,0,6,0%,11.67
قانون بيع العقار في المغرب 2026,0,6,0%,11.67
شروط الحصول على قرض عقاري في المغرب,0,6,0%,13
قانون المنافسة,0,6,0%,16.33
moroccan citizenship requirements,0,6,0%,24
morocco citizenship,0,6,0%,47.83
morocco company formation,0,6,0%,54.5
culture cannabis maroc,0,6,0%,55.83
how to become a moroccan citizen,0,6,0%,58.33
divorce maroc,0,6,0%,63.33
maroc divorce,0,6,0%,66.33
divorce morocco,0,5,0%,1
morocco environmental policies,0,5,0%,3.2
بوابة المحاكم المغربية,0,5,0%,4
mokawel dati,0,5,0%,5
naturalisation maroc,0,5,0%,5
iqvia clinical trials morocco,0,5,0%,7.2
amnistie fiscale 2026,0,5,0%,7.4
loi 24-96,0,5,0%,8
تخفيض الضريبة على الدخل 2026,0,5,0%,8
legal procedure to open a retail store in morocco,0,5,0%,8.4
morocco data protection law 09-08 cndp official,0,5,0%,8.6
demande rc en ligne mahakim,0,5,0%,9
mahakim rc en ligne,0,5,0%,9
محاكم.ما,0,5,0%,9
"""loi 17-89"" impôt général sur le revenu maroc",0,5,0%,9.6
droit du sol au maroc,0,5,0%,9.6
قانون الجريمة الإلكترونية بالمغرب,0,5,0%,10.4
قانون الميراث في المغرب,0,5,0%,10.4
هل يرث الأجنبي في المغرب,0,5,0%,10.6
la loi 05.20,0,5,0%,10.8
mahakim suivi dossier,0,5,0%,10.8
طلاق التراضي,0,5,0%,11
الزيادة في سومة الكراء بالمغرب,0,5,0%,12
ثمن العدول بالمغرب 2026,0,5,0%,12
شروط الترشح في الانتخابات الجماعية بالمغرب 2026,0,5,0%,12.4
الذكاء الاصطناعي في القانون المغربي,0,5,0%,14
"ompic enregistrement et immatriculation des entreprises intelligence 
artificielle",0,5,0%,16
التركة في القانون المغربي,0,5,0%,18.2
حماية المستهلك في المغرب,0,5,0%,18.6
how to open a retail store in morocco legal procedure,0,5,0%,25
company registration process in morocco,0,5,0%,29
تصفية التركة في القانون المغربي,0,5,0%,37.6
citoyen marocain,0,5,0%,53.4
nationalité marocaine,0,5,0%,67.2
nationalité marocaine homme,0,5,0%,69.8
divorce marocain,0,5,0%,87
"""ompic"" ""intelligence artificielle"" immatriculation or enregistrement 
entreprises",0,4,0%,1.25
morocco dual citizenship allowed,0,4,0%,1.5
protection des consommateurs droit marocain loi 31-08 actualités 2026,0,4,0%,2
تغيير النسب في المغرب,0,4,0%,2.25
business registration timeline morocco,0,4,0%,3.25
morocco digital nomad visa 2026,0,4,0%,4
retard de livraison,0,4,0%,4
"ompic intelligence artificielle enregistrement immatriculation entreprises 
maroc",0,4,0%,4.5
time to register company in morocco,0,4,0%,4.75
foreign ownership restrictions in morocco,0,4,0%,5.25
iptv piracy enforcement morocco 2025 2026,0,4,0%,5.25
عقد العمل عن بعد,0,4,0%,5.25
شرائح ضريبة الدخل في مصر 2026,0,4,0%,5.5
is customs broker mandatory for imports in morocco,0,4,0%,6
شرائح الضرائب 2026,0,4,0%,6
قانون المسطرة الجنائية المغربي أجل الطعن بالنقض 10 أيام,0,4,0%,6
how to open a retail store in morocco business registration procedure,0,4,0%,6.25
morocco cryptocurrency legal status 2026,0,4,0%,6.25
patente business license morocco commune,0,4,0%,6.5
تغيير الاسم الشخصي المسطرة والآجال,0,4,0%,6.5
current minimum capital sarl morocco 2026,0,4,0%,7.25
divorce process in morocco,0,4,0%,7.25
mahakim maroc,0,4,0%,7.5
company registration time cri morocco,0,4,0%,7.75
الاعفاء الضريبي 2026,0,4,0%,7.75
moroccan family code article 49 common property between spouses,0,4,0%,8.25
مسؤولية الطبيب,0,4,0%,8.25
ir sur revenu foncier maroc 2026,0,4,0%,8.5
morocco residency by investment,0,4,0%,8.75
القانون 05.20 المتعلق بالأمن السيبراني,0,4,0%,8.75
certificat négatif morocco company name reservation,0,4,0%,9
loi ppp maroc,0,4,0%,9
قانون الامن السيبراني المغربي,0,4,0%,9
9anon choghl,0,4,0%,9.5
تقسيم الارث في القانون المغربي,0,4,0%,10.25
الإرث في المغرب,0,4,0%,10.5
code du travail maroc 2026,0,4,0%,11
is attempted suicide a crime in morocco penal code,0,4,0%,11.5
can foreigners own land in morocco,0,4,0%,12
company registration process in morocco sarl,0,4,0%,12.25
قانون الجنسية المغربي,0,4,0%,18.5
حماية المستهلك,0,4,0%,29
اجراءات الطلاق بالمغرب,0,4,0%,41.75
morocco residency requirements,0,4,0%,53
droit pénal marocain,0,4,0%,66
droit du travail marocain,0,4,0%,75.5
credit consommation,0,4,0%,85.5
nationalité marocain,0,4,0%,87.5
how to get permanent residency in morocco,0,3,0%,1
طلاق اتفاقي,0,3,0%,1
augmentation de loyer 2026,0,3,0%,2
augmentation loyer,0,3,0%,2
"morocco court of cassation commercial chamber joined files 304/3/2/01 
201/3/1/02 de facto manager liquidation",0,3,0%,2
المغرب,0,3,0%,2
بالمغرب,0,3,0%,2
changement de nom,0,3,0%,2.67
جدول الضريبة على الدخل 2026 المغرب,0,3,0%,2.67
عقوبة التهديد في الواتساب في المغرب,0,3,0%,3.67
formulaire augmentation loyer 2026,0,3,0%,4
الجرائم الالكترونية في المغرب,0,3,0%,4
www mahakim ma,0,3,0%,4.33
زيادة في الكراء بالمغرب,0,3,0%,4.33
foreign ownership sarl morocco,0,3,0%,4.67
الزيادة في الكراء كل ثلاث سنوات,0,3,0%,6
قانون الاتصالات,0,3,0%,6
company registration timeline morocco sarl,0,3,0%,6.33
cri morocco company registration time,0,3,0%,6.33
morocco corporate tax rates 2026,0,3,0%,6.33
"ompic maroc intelligence artificielle enregistrement immatriculation 
entreprises",0,3,0%,6.33
تغيير الاسم الشخصي في القانون المغربي,0,3,0%,6.33
time to register business in morocco cri,0,3,0%,6.67
time to register company morocco,0,3,0%,6.67
تغيير الإسم الشخصي في المغرب,0,3,0%,6.67
cri one-stop shop company registration morocco,0,3,0%,7
"maroc déductibilité cotisations contrat retraite 10% revenu global 
imposable 50% salaire net imposable",0,3,0%,7.33
طلب تصحيح الاسم في الحالة المدنية المغرب,0,3,0%,7.33
company registration process morocco sarl cri,0,3,0%,7.67
décret n° 2-97-875 relatif à l'utilisation des eaux usées maroc,0,3,0%,7.67
mahakim en francais,0,3,0%,7.67
ما هي نسبة الزيادة في الكراء,0,3,0%,7.67
cndp maroc loi 09-08 protection des données personnelles texte,0,3,0%,8
morocco company registration time cri,0,3,0%,8
can foreigners buy property in morocco 2026,0,3,0%,8.33
taux impôt sur les sociétés maroc 2026,0,3,0%,8.33
الميراث في القانون المغربي,0,3,0%,8.33
تغيير الاسم العائلي الجريدة الرسمية,0,3,0%,8.33
هل يمكن تغيير الاسم الشخصي في المغرب,0,3,0%,8.33
certificat négatif cost morocco,0,3,0%,8.67
reserve company name morocco certificat négatif ompic,0,3,0%,8.67
revenu foncier 2026,0,3,0%,9
اجراءات الطلاق بالتراضي,0,3,0%,9
"""pillars of digital justice""",0,3,0%,9.33
documents required for sarl registration morocco,0,3,0%,9.33
impôt sur les sociétés maroc taux 2026,0,3,0%,9.33
registre de commerce morocco company registration,0,3,0%,9.33
التخفيض الضريبي 2026,0,3,0%,9.33
تملك الأجانب للعقارات الفلاحية بالمغرب,0,3,0%,9.33
auto-entrepreneur registration morocco,0,3,0%,9.67
certificat négatif ompic morocco cost,0,3,0%,9.67
ompic intelligence artificielle,0,3,0%,9.67
قانون حماية المعلومات الشخصية,0,3,0%,9.67
"décret 2-04-553 déversements écoulements rejets dépôts directs ou 
indirects eaux superficielles souterraines maroc",0,3,0%,10
الأمن السيبراني بالمغرب,0,3,0%,10
الزيادة في الكراء السكني,0,3,0%,10.33
القضاء الرقمي,0,3,0%,10.33
تقسيم الإرث في القانون المغربي بالدار البيضاء,0,3,0%,10.33
avocat litige bailleur locataire,0,3,0%,10.67
morocco tpi exemption principal residence 6 years,0,3,0%,10.67
morocco supreme court renamed court of cassation 2011,0,3,0%,11
الاعفاءات الضريبية 2026,0,3,0%,11
الملكية الفكرية في القانون المغربي,0,3,0%,11.33
قانون التصدير والاستيراد,0,3,0%,11.33
موانع الإرث في القانون المغربي,0,3,0%,11.67
عقارات المغرب فخاخ 2026,0,3,0%,12
قانون الذكاء الاصطناعي بالمغرب,0,3,0%,12.33
maroc digital arrival card,0,3,0%,13
morocco divorce laws information,0,3,0%,14
مدونة الانتخابات 2026,0,3,0%,14
الخطأ الطبي في القانون المغربي,0,3,0%,14.67
قانون الطاقات المتجددة بالمغرب,0,3,0%,20
starting a business in morocco,0,3,0%,31
protection du consommateur maroc,0,3,0%,32.67
code de la famille maroc,0,3,0%,45
citizenship in morocco,0,3,0%,46
morocco company register,0,3,0%,47
مدونة الشغل,0,3,0%,47
moudawana maroc,0,3,0%,48.67
قانون الشغل,0,3,0%,49.67
moroccan nationality,0,3,0%,51
how to start a business in morocco,0,3,0%,54.67
residency in morocco,0,3,0%,58.33
قانون الشغل المغربي,0,3,0%,58.67
marocaine nationalité,0,3,0%,61
إجراءات الطلاق في المغرب,0,3,0%,62.33
قانون الشغل بالمغرب,0,3,0%,63
calcul héritage maroc,0,3,0%,63.33
procedure de divorce au maroc,0,3,0%,68
héritage maroc,0,3,0%,82.67
can foreigners buy land in morocco,0,2,0%,1
réglementation du travail,0,2,0%,1
الفصل 707 من القانون الجنائي المغربي,0,2,0%,1
حماية الأجير في عقد الشغل عن بعد,0,2,0%,1
شروط طلاق اتفاقي,0,2,0%,1
طلب استشارة قانونية مجانية المغرب,0,2,0%,1
income tax,0,2,0%,1.5
time to register a company in morocco 2026,0,2,0%,1.5
"""ompic"" ""intelligence artificielle"" or ""ia"" enregistrement or 
immatriculation",0,2,0%,2
change nom,0,2,0%,2
droit d'augmentation de loyer 2026,0,2,0%,2
"morocco court of cassation commercial chamber joined files 304/3/2/01 
201/3/1/02 extension of judicial liquidation de facto manager",0,2,0%,2
"morocco law 09-08 protection of individuals with regard to processing of 
personal data",0,2,0%,2
في المغرب,0,2,0%,2
augmentation de loyer,0,2,0%,2.5
business registration time morocco cri,0,2,0%,2.5
frais notaire achat appartement maroc 2026,0,2,0%,3
"l'article soulève des questions sur la propriété des données et la 
souveraineté numérique du maroc",0,2,0%,3
morocco clinical trials cro,0,2,0%,3
moudawana maroc divorce,0,2,0%,3
taux d augmentation des loyers 2026,0,2,0%,3
moroccan agency for sustainable energy,0,2,0%,3.5
dettes maroc,0,2,0%,4
حصر الورثة في المغرب الإجراءات والوثائق,0,2,0%,4
شروط تغيير الاسم في المغرب,0,2,0%,4
morocco insurance tax changes 2026,0,2,0%,4.5
ompic intelligence artificielle enregistrement immatriculation entreprises,0,2,0%,4.5
قانون العقار في المغرب,0,2,0%,4.5
قانون العمل عن بعد,0,2,0%,4.5
avocat ai,0,2,0%,5
avocat ia gratuit,0,2,0%,5
centre régional d'investissement cri morocco company registration,0,2,0%,5
mahkama.ma,0,2,0%,5
morocco access to afcfta,0,2,0%,5
المسؤولية الطبية,0,2,0%,5
شرائح الضرائب على الدخل في مصر 2026,0,2,0%,5
هل يمكن للأجانب شراء عقار في المغرب,0,2,0%,5
9anon4dz,0,2,0%,5.5
loi du consommateur,0,2,0%,5.5
morocco foreign ownership restrictions,0,2,0%,5.5
وزير المالية المغربي 2026,0,2,0%,5.5
cost of certificat négatif morocco,0,2,0%,6
dgi maroc revenus fonciers abattement 40%,0,2,0%,6
ia juridique maroc,0,2,0%,6
maroc loi 24-86 impots sur les societes,0,2,0%,6
non lucratif,0,2,0%,6
acte d'héritage,0,2,0%,6.5
auto-entrepreneur morocco turnover limit commerce,0,2,0%,6.5
centre régional d’investissement cri morocco company registration,0,2,0%,6.5
loi fonction publique,0,2,0%,6.5
mahakim rendez vous,0,2,0%,6.5
morocco personal income tax rates 2026,0,2,0%,6.5
morocco vat rate on imports 2026,0,2,0%,6.5
taux d'impôt sur les sociétés 2026,0,2,0%,6.5
القانون السيبراني,0,2,0%,6.5
cybercrime maroc,0,2,0%,7
"""impot sur les societes"" loi 24-86 maroc",0,2,0%,7.5
cost of divorce in morocco,0,2,0%,7.5
mahakim .ma suivi dossier,0,2,0%,7.5
droit des employés,0,2,0%,8
most common company form in morocco sarl,0,2,0%,8
ضريبة الكراء في المغرب 2026,0,2,0%,8
قانون 05.20 المتعلق بالأمن السيبراني,0,2,0%,8
certificat négatif morocco business name reservation,0,2,0%,8.5
loi 49-17,0,2,0%,8.5
loi de protection du consommateur maroc,0,2,0%,8.5
loyer augmentation 2026,0,2,0%,8.5
protection consommateur maroc,0,2,0%,8.5
vat rate on imports in morocco 2026,0,2,0%,8.5
الضريبة على الدخل 2026,0,2,0%,8.5
كيفية رفع دعوى قضائية في المغرب,0,2,0%,8.5
acte successoral,0,2,0%,9
certificat négatif ompic morocco company name reservation,0,2,0%,9
code minier maroc,0,2,0%,9
morocco vat registration threshold 2026,0,2,0%,9
www mahakim ma casablanca,0,2,0%,9
cnss auto entrepreneur,0,2,0%,9.5
cri morocco company registration one-stop shop,0,2,0%,9.5
"loi n° 95-17 relative à l’arbitrage et à la médiation conventionnelle texte 
intégral",0,2,0%,9.5
renoncer à la nationalité marocaine,0,2,0%,9.5
certificat négatif morocco company name,0,2,0%,10
does morocco give citizenship to foreigners,0,2,0%,10
"loi n° 95-17 relative à l’arbitrage et à la médiation conventionnelle maroc 
text",0,2,0%,10
الذكاء الاصطناعي في القضاء المغربي,0,2,0%,10
قائمة المحكمين 2026,0,2,0%,10
قانون العقار 2026,0,2,0%,10
morocco data protection law 09-08 cndp personal data protection,0,2,0%,10.5
"اذا تم تسليم البيتزا الخاصه بك في وقت متاخر جدا فما الذي تتوقعه للتعويض عن 
ذلك",0,2,0%,10.5
ir foncier 2026 maroc,0,2,0%,11
organisme à but non lucratif,0,2,0%,11
قانون البيانات الشخصية,0,2,0%,11
"""code du travail"" maroc article 184 44 heures par semaine",0,2,0%,11.5
morocco residency by investment 2026,0,2,0%,11.5
morocco vat standard rate 2026,0,2,0%,11.5
طلاق تراضي,0,2,0%,11.5
قانون شراء العقار في المغرب,0,2,0%,12.5
divorce law in morocco,0,2,0%,14.5
moroccanlaborlaw.com,0,2,0%,16
حقوق حماية المستهلك,0,2,0%,17.5
قانون حماية الخصوصية في المغرب,0,2,0%,19
شهادة الميراث المغرب,0,2,0%,20.5
morocco law 09-08 data protection,0,2,0%,21.5
moroccan divorce law,0,2,0%,24.5
droit de travail marocain,0,2,0%,26
قانون الرقمنة والذكاء الاصطناعي في المغرب,0,2,0%,29
حماية المستهلك في القانون المغربي,0,2,0%,30
code du travail marocain,0,2,0%,36
قانون الشغل في المغرب,0,2,0%,38
code de travail,0,2,0%,41.5
qui a le droit de demander la nationalité marocaine,0,2,0%,43
nationality moroccan,0,2,0%,44
moroccan nationality law,0,2,0%,46.5
droit de succession au maroc pdf,0,2,0%,47.5
moudawana morocco family law,0,2,0%,49
قانون الجمعيات بالمغرب,0,2,0%,49.5
citizenship morocco,0,2,0%,52.5
morocco residency,0,2,0%,53.5
code de travail maroc,0,2,0%,54
can a foreigner buy property in morocco,0,2,0%,58
moroccan+tax+law+apa,0,2,0%,58
moroccan residency,0,2,0%,58.5
divorce au maroc droit de la femme,0,2,0%,60
morocco nationality,0,2,0%,68.5
اجراءات الطلاق في المغرب,0,2,0%,68.5
code pénal marocain,0,2,0%,69.5
procédure de divorce au maroc,0,2,0%,69.5
مدونة الشغل بالمغرب,0,2,0%,70
morocco dual citizenship,0,2,0%,71
loi 09 08 maroc,0,2,0%,73
بحث حول حماية المستهلك في القانون المغربي,0,2,0%,76
company formation morocco,0,2,0%,80
مدونة الاسرة المغربية,0,2,0%,82.5
ppp,0,2,0%,83
how to get moroccan citizenship,0,2,0%,84
crédit de consommation,0,2,0%,85
nationalité marocaine ou marocain,0,2,0%,91.5
"""tax compliance""",0,1,0%,1
2026 finance law,0,1,0%,1
achat sur internet,0,1,0%,1
augmentation légale loyer 2026,0,1,0%,1
code des successions,0,1,0%,1
droit de rétractation maroc,0,1,0%,1
droit successoral,0,1,0%,1
fiscal representation morocco,0,1,0%,1
how to get morocco citizenship,0,1,0%,1
is binance available in morocco,0,1,0%,1
la loi du consommateur,0,1,0%,1
la réforme de la fonction publique,0,1,0%,1
legislation du travail,0,1,0%,1
loi de finance maroc,0,1,0%,1
loyer mois de mars,0,1,0%,1
moroccan?,0,1,0%,1
morocco corporate tax,0,1,0%,1
morocco income tax brackets 2026,0,1,0%,1
morocco moudawana family code,0,1,0%,1
morrocan,0,1,0%,1
morroco,0,1,0%,1
problème d'héritage au maroc,0,1,0%,1
quelle est l'augmentation des loyers en 2026,0,1,0%,1
ras loyer maroc,0,1,0%,1
renouvellement automatique titre de séjour 2026,0,1,0%,1
so who made it,0,1,0%,1
tva 2026 maroc,0,1,0%,1
vat registration threshold morocco 2026,0,1,0%,1
what is the current status of the moroccan legal system?,0,1,0%,1
ça peut prendre combien de temps ?,0,1,0%,1
اعفاء الضرائب 2026,0,1,0%,1
الإطلاع على الرسم العقاري واستخراج شهادة ملكية عن بعد,0,1,0%,1
العقار الرقمي,0,1,0%,1
تقسيم الإرث في المغرب,0,1,0%,1
روتور,0,1,0%,1
قانون المسؤولية الطبية,0,1,0%,1
قانون هيئة الاتصالات,0,1,0%,1
مجانية,0,1,0%,1
9anoch,0,1,0%,2
9non,0,1,0%,2
au maroc,0,1,0%,2
augmentation des loyers au 1er janvier 2026,0,1,0%,2
augmentation location 2026,0,1,0%,2
augmentation loyer 2026,0,1,0%,2
changement du nom,0,1,0%,2
definition of legal security in moroccan law,0,1,0%,2
how about income tax,0,1,0%,2
how long can i stay in morocco,0,1,0%,2
how long can you stay in morocco,0,1,0%,2
in morocco,0,1,0%,2
in morroco,0,1,0%,2
income tax slabs,0,1,0%,2
ir maroc 2026,0,1,0%,2
justice au maroc,0,1,0%,2
loi de consommateur,0,1,0%,2
loi sur l'administration publique,0,1,0%,2
modification de nom,0,1,0%,2
montant augmentation loyer 2026,0,1,0%,2
morocco family code reform 2004 moudawana,0,1,0%,2
on food,0,1,0%,2
pourcentage augmentation loyer 2026,0,1,0%,2
pourcentage loyer 2026,0,1,0%,2
quel est l'augmentation légale des loyers en 2026,0,1,0%,2
sure,0,1,0%,2
taux d'augmentation loyer 2026,0,1,0%,2
العقبة,0,1,0%,2
بلد المغرب,0,1,0%,2
طلاق,0,1,0%,2
هل من جديد,0,1,0%,2
9arnon,0,1,0%,3
barème ir maroc 2026 loi de finances,0,1,0%,3
cash betalen,0,1,0%,3
clandestin marocain,0,1,0%,3
cndp morocco data protection authority,0,1,0%,3
cost of forming sarl in morocco 2026,0,1,0%,3
crypto morocco,0,1,0%,3
delai de retractation au maroc,0,1,0%,3
exoneration de la cotisation minimale maroc,0,1,0%,3
how about in morocco,0,1,0%,3
ia avocat gratuit,0,1,0%,3
investment,0,1,0%,3
ja,0,1,0%,3
logement,0,1,0%,3
mad,0,1,0%,3
maroc,0,1,0%,3
morocco afcfta status,0,1,0%,3
morocco age of majority 18,0,1,0%,3
morocco citizenship requirements 2026,0,1,0%,3
morocco law 36-15 water,0,1,0%,3
moudawana,0,1,0%,3
mzhakim,0,1,0%,3
north of morocco,0,1,0%,3
regie du logement augmentation 2026,0,1,0%,3
retard livraison,0,1,0%,3
tangier morocco,0,1,0%,3
taxes panneaux solaires,0,1,0%,3
which one is correct,0,1,0%,3
؟,0,1,0%,3
رخصة الاقامة,0,1,0%,3
قانون الجرائم الالكترونية,0,1,0%,3
قانون المالية 2026,0,1,0%,3
مصاريف الطلاق الاتفاقي في المغرب,0,1,0%,3
نحن في المغرب,0,1,0%,3
augmentation legale des loyers,0,1,0%,4
augmentation loyer chaque année,0,1,0%,4
business registration process morocco cri sarl,0,1,0%,4
certificat négatif cri morocco,0,1,0%,4
droit augmentation loyer,0,1,0%,4
formulaire refus augmentation loyer 2026,0,1,0%,4
l'augmentation de loyer,0,1,0%,4
livraison en retard,0,1,0%,4
loi patrimoine culturel,0,1,0%,4
mahakim com,0,1,0%,4
mahakimma,0,1,0%,4
mahkim,0,1,0%,4
mhakim,0,1,0%,4
morocco corporate income tax rate 2026,0,1,0%,4
morocco income tax rates 2026,0,1,0%,4
pourcentage augmentation de loyer,0,1,0%,4
quel pourcentage augmentation loyer 2026,0,1,0%,4
renouvellement 2026,0,1,0%,4
single economic entity doctrine competition law,0,1,0%,4
terea,0,1,0%,4
عقوبات الكراء غير الشرعي في المغرب,0,1,0%,4
قانون الذكاء الاصطناعي في المغرب,0,1,0%,4
قانون العمل الجديد 2026 للقطاع الخاص,0,1,0%,4
ahakim,0,1,0%,5
citizenship,0,1,0%,5
company statutes notarized morocco sarl,0,1,0%,5
cybercriminalité au maroc,0,1,0%,5
"enregistrement et immatriculation des entreprises ompic intelligence 
artificielle",0,1,0%,5
how to open a retail store in morocco business registration,0,1,0%,5
in dirham,0,1,0%,5
mahakem,0,1,0%,5
mahakim . ma,0,1,0%,5
mahakim ma تتبع الملفات المحاكم,0,1,0%,5
morocco,0,1,0%,5
morocco family code 2004 reform,0,1,0%,5
morocco law 12-03 environmental impact assessment,0,1,0%,5
morocco public procurement news today,0,1,0%,5
oui pour le maroc,0,1,0%,5
please,0,1,0%,5
politique monétaire maroc,0,1,0%,5
taux loyer 2026,0,1,0%,5
time to register sarl company in morocco,0,1,0%,5
visa fine,0,1,0%,5
www.mahakim.ma,0,1,0%,5
الارت في المغرب,0,1,0%,5
العمل عن بعد في المغرب,0,1,0%,5
المسؤولية المهنية للطبيب,0,1,0%,5
تعديل قانون الإرث في المغرب,0,1,0%,5
جدول إعفاء المتقاعدين من الضريبة على الدخل 2026,0,1,0%,5
عقوبات الجرائم الالكترونية,0,1,0%,5
قانون الرقمنة والذكاء الاصطناعي بالمغرب,0,1,0%,5
قانون مكافحة الجرائم الالكترونية,0,1,0%,5
قانونية ai,0,1,0%,5
"(""digital identity"" or ""electronic identity"" or ""eid"" or ""electronic 
voting"" or ""e-voting"") and (""sovereignty"" or ""trust"" or ""security"" or 
""privacy"" or ""confidentiality"")",0,1,0%,6
39.09,0,1,0%,6
al mahakim,0,1,0%,6
des articles scientifiques,0,1,0%,6
droit de succession deces d un parent,0,1,0%,6
déclaration ir 2026,0,1,0%,6
lettre augmentation loyer 2026,0,1,0%,6
loi agricole,0,1,0%,6
"maroc déductibilité fiscale cotisations contrat retraite 10% revenu 
global imposable 50% salaire net imposable",0,1,0%,6
morocco competition council,0,1,0%,6
notarization of company statutes morocco,0,1,0%,6
nouveau nom,0,1,0%,6
ompic intelligence artificielle enregistrement entreprises,0,1,0%,6
opci maroc,0,1,0%,6
opening a retail store in morocco legal procedure,0,1,0%,6
quel est le montant des cotisations sociales pour un indépendant,0,1,0%,6
sarl minimum capital morocco 2026,0,1,0%,6
source,0,1,0%,6
العفو الضريبي 2026,0,1,0%,6
رفع دعوى قضائية عبر الإنترنت,0,1,0%,6
قانون الزراعة الجديد,0,1,0%,6
قانون العقارات في المغرب,0,1,0%,6
ai loi,0,1,0%,7
auto-entrepreneur morocco turnover limit,0,1,0%,7
"caractéristiques du droit commercial marocain rapidité internationalité 
sécurité",0,1,0%,7
code electoral 2026,0,1,0%,7
code général des impôts maroc revenus fonciers abattement 40%,0,1,0%,7
contents of articles of association sarl morocco,0,1,0%,7
cotisation cnss auto entrepreneur maroc,0,1,0%,7
divorce au maroc et partage des biens,0,1,0%,7
how about morroco,0,1,0%,7
how to register a company in morocco,0,1,0%,7
lancement d'alerte,0,1,0%,7
loi 2-00 maroc,0,1,0%,7
loi de finance 2026 amnistie fiscale,0,1,0%,7
loi de finances 2026 maroc nouveautés,0,1,0%,7
loi de travail maroc,0,1,0%,7
loi loyer 2026,0,1,0%,7
mahakim;ma,0,1,0%,7
melk land,0,1,0%,7
morocco investment charter tax incentives,0,1,0%,7
morocco sarl minimum capital 2026,0,1,0%,7
morocco vat rate 2026,0,1,0%,7
most common legal form for companies in morocco sarl,0,1,0%,7
"ompic maroc enregistrement immatriculation entreprises intelligence 
artificielle ia",0,1,0%,7
ras 2026,0,1,0%,7
reglement augmentation loyer,0,1,0%,7
revenus fonciers 2026,0,1,0%,7
securite social auto entrepreneur,0,1,0%,7
tva panneaux solaires 2026,0,1,0%,7
vat rate imports morocco 2026,0,1,0%,7
www mahakim .ma casablanca,0,1,0%,7
التأخر في تسليم المبيع وزارة التجارة,0,1,0%,7
شرائح الضريبة على الدخل 2026,0,1,0%,7
شرائح ضريبة الدخل على المرتبات في مصر 2026,0,1,0%,7
ضريبة المرتبات 2026,0,1,0%,7
قانون الميراث الجديد,0,1,0%,7
ما هو قانون العمل الجديد,0,1,0%,7
9anon sayr,0,1,0%,8
ai juridique gratuit,0,1,0%,8
alerte signalement,0,1,0%,8
certificat negatif ompic morocco company name reservation,0,1,0%,8
certificat négatif via cri morocco,0,1,0%,8
droit de succession,0,1,0%,8
how to get residency in morocco,0,1,0%,8
"how to open a retail store in morocco legal requirements business 
registration",0,1,0%,8
impôt sur les sociétés maroc 2026,0,1,0%,8
income tax rates morocco 2026,0,1,0%,8
loi 09-08 maroc protection données personnelles cndp,0,1,0%,8
loi cybersécurité,0,1,0%,8
loi startup,0,1,0%,8
long séjour,0,1,0%,8
maroc loi 09-08 protection des données personnelles cndp texte,0,1,0%,8
morocco cour suprême renamed cour de cassation 2011,0,1,0%,8
opening retail store business registration morocco requirements,0,1,0%,8
produits exonérés de tva,0,1,0%,8
rendez vous mahakim,0,1,0%,8
time to form a company in morocco,0,1,0%,8
time to form sarl company in morocco,0,1,0%,8
time to register business morocco cri,0,1,0%,8
الإعفاء الضريبي 2026,0,1,0%,8
بوابةمحاكم,0,1,0%,8
قانون الاعفاء الضريبي 2026,0,1,0%,8
قانون الصفقات العمومية المغرب,0,1,0%,8
قسمة الإرث في القانون المغربي,0,1,0%,8
هل يمكن للأجنبي شراء عقار في المغرب,0,1,0%,8
acompte is 2026,0,1,0%,9
bareme ir 2026,0,1,0%,9
centre régional d'investissement cri morocco one-stop shop,0,1,0%,9
centre régional d’investissement cri morocco one-stop shop,0,1,0%,9
cost certificat négatif ompic morocco,0,1,0%,9
cri one-stop shop company formation morocco,0,1,0%,9
décret 2-97-875 relatif à l'utilisation des eaux usées maroc,0,1,0%,9
droit de survie,0,1,0%,9
déduction personne à charge maroc 2026,0,1,0%,9
indice d'augmentation des loyers 2026,0,1,0%,9
is customs broker required for imports in morocco,0,1,0%,9
kanoun ai,0,1,0%,9
la loi sur la fonction publique,0,1,0%,9
liquidation judiciaire maroc,0,1,0%,9
loi 09-08 protection données personnelles maroc cndp,0,1,0%,9
loi 31 08 maroc,0,1,0%,9
loi 67-12 maroc,0,1,0%,9
loi de travail au maroc,0,1,0%,9
"loi n° 95-17 sur l'arbitrage et la médiation conventionnelle maroc texte 
intégral",0,1,0%,9
loi sur la protection du consommateur,0,1,0%,9
loi sur le patrimoine culturel,0,1,0%,9
mahakim demande rc,0,1,0%,9
morocco membership in afcfta,0,1,0%,9
morocco participation in afcfta,0,1,0%,9
morocco single-use plastic ban,0,1,0%,9
morocco vat registration threshold,0,1,0%,9
morocco vat standard rate 20% 2026,0,1,0%,9
official minimum capital sarl morocco law,0,1,0%,9
qanoon ai,0,1,0%,9
société sans but lucratif,0,1,0%,9
time to register sarl morocco,0,1,0%,9
tranches ir,0,1,0%,9
une fintech,0,1,0%,9
القانون المغربي تداول العملات,0,1,0%,9
القانون رقم 05.20,0,1,0%,9
شروط بيع بيت الورثة في القانون المغربي,0,1,0%,9
طلاق للضرر في المغرب,0,1,0%,9
قانون الصفقات العمومية 2026,0,1,0%,9
قانون الورثة في المغرب,0,1,0%,9
قانون حماية البيانات الشخصية في المغرب,0,1,0%,9
كيف يتم الطلاق بالتراضي,0,1,0%,9
are company statutes required to be notarized in morocco,0,1,0%,10
certificat négatif ompic cost morocco,0,1,0%,10
code du travail gratuit,0,1,0%,10
conseil juridique gratuit maroc,0,1,0%,10
cost of company formation sarl morocco 2026,0,1,0%,10
cri morocco company creation,0,1,0%,10
declaration impot foncier 2026,0,1,0%,10
droits de succession,0,1,0%,10
droits des personnes handicapées textes législatifs,0,1,0%,10
election maroc 2026 inscription,0,1,0%,10
how to divorce in morocco,0,1,0%,10
loi 10-95 relative a l'eau maroc,0,1,0%,10
"loi n° 95-17 relative à l'arbitrage et à la médiation conventionnelle texte 
intégral",0,1,0%,10
mahakim procedure,0,1,0%,10
maroc loi 09-08 protection des données à caractère personnel cndp texte,0,1,0%,10
maroc loi 09-08 protection des données personnelles cndp,0,1,0%,10
most common legal form for companies in morocco,0,1,0%,10
ras loyer,0,1,0%,10
renouvellement titre de séjour 10 ans 2026,0,1,0%,10
taux normal impôt sur les sociétés 2026 25%,0,1,0%,10
time to create sarl company in morocco,0,1,0%,10
التحفيظ العقاري في المغرب 2026,0,1,0%,10
الفصل 627 من قانون الالتزامات والعقود,0,1,0%,10
المسؤولية المدنية عن الذكاء الاصطناعي في القانون المغربي,0,1,0%,10
دار التسجيل العقاري بالمغرب,0,1,0%,10
شهادة الإراثة بالمغرب,0,1,0%,10
ضريبة الدخل 2026,0,1,0%,10
ضريبة الشيك بدون رصيد 2026,0,1,0%,10
قانون ai,0,1,0%,10
قانون الإرث,0,1,0%,10
قانون الصفقات العمومية في المغرب,0,1,0%,10
قانون العملات الرقمية في المغرب,0,1,0%,10
قانون زيادة في الكراء بالمغرب,0,1,0%,10
وزير المالية المغرب 2026,0,1,0%,10
divorce laws in morocco,0,1,0%,11
law 31-08 morocco consumer protection,0,1,0%,11
loi sur la cybersécurité,0,1,0%,11
mahakim casablanca,0,1,0%,11
maroc loi 12-03 études d'impact sur l'environnement texte,0,1,0%,11
morocco citizenship by naturalization,0,1,0%,11
morocco finance law 2026,0,1,0%,11
morocco law 09-08 personal data protection cndp english,0,1,0%,11
morocco tax news 2026,0,1,0%,11
ras loyer 2026,0,1,0%,11
ras loyer maroc 2026,0,1,0%,11
taux d augmentation loyer 2026,0,1,0%,11
visa digital,0,1,0%,11
à but non lucratif,0,1,0%,11
اعفاء ضريبي 2026,0,1,0%,11
الامتثال الضريبي,0,1,0%,11
الزيادة في السومة الكرائية,0,1,0%,11
الفصل 19 من قانون الجنسية,0,1,0%,11
قانون الجريمة الإلكترونية,0,1,0%,11
قانون الملكية الفكرية المغربي,0,1,0%,11
قانون حماية الملكية الفكرية,0,1,0%,11
مرجع أسعار العقار 2026,0,1,0%,11
نظام التجارة الالكترونية,0,1,0%,11
article 9 code du travail,0,1,0%,12
conditions d'éligibilité définition,0,1,0%,12
crédit immobilier au maroc pour les étrangers,0,1,0%,12
divorce procedure,0,1,0%,12
héritage après décès des deux parents,0,1,0%,12
la loi de protection du consommateur,0,1,0%,12
la protection des salariés par le droit du travail,0,1,0%,12
loi energie,0,1,0%,12
loi n° 95-17 maroc arbitrage,0,1,0%,12
loi sur les successions,0,1,0%,12
moroccan code of obligations and contracts article 54 exploitation lesion,0,1,0%,12
morocco standard vat rate 2026 20%,0,1,0%,12
nationalité marocaine femme,0,1,0%,12
regle successorale,0,1,0%,12
taux de cotisation minimale 2026 maroc,0,1,0%,12
الظهير الشريف رقم 1.58.376,0,1,0%,12
حقوق العمال في المغرب,0,1,0%,12
شروط الطلاق بالتراضي,0,1,0%,12
عقد الامتياز في القانون المغربي,0,1,0%,12
قانون الارث,0,1,0%,12
قانون القروض البنكية بالمغرب,0,1,0%,12
مواعيد الضرائب,0,1,0%,12
نسبة زيادة في الكراء,0,1,0%,12
comment déclarer les revenus locatifs,0,1,0%,13
declaration revenus fonciers 2026,0,1,0%,13
frais de notaire maroc 2026,0,1,0%,13
la loi 31 08 sur la protection du consommateur au maroc,0,1,0%,13
mahakim. com,0,1,0%,13
morocco company formation digitization,0,1,0%,13
nationalité marocain homme,0,1,0%,13
تخفيض الضريبة على الدخل للموظفين 2026,0,1,0%,13
قانون الجنسية في المغرب,0,1,0%,13
قروض للجالية المغربية,0,1,0%,13
ما هي غرامة تاخير تجديد الاقامة,0,1,0%,13
inward processing,0,1,0%,14
public sector digitalization trends,0,1,0%,14
تذييل الاحكام الاجنبية بالصيغة التنفيذية,0,1,0%,14
جريمة الفساد في القانون المغربي,0,1,0%,14
قانون الملكيه الفكريه,0,1,0%,14
acte d'hérédité en arabe,0,1,0%,15
cost to set up a company in morocco sarl creation fees,0,1,0%,15
droit travail maroc,0,1,0%,15
تمويل خارجي بدون ضمانات,0,1,0%,15
قانون الذكاء الاصطناعي المغرب,0,1,0%,15
كيفية البدء في التجارة الإلكترونية في المغرب 2026,0,1,0%,15
qanoun.ia,0,1,0%,16
شروط الترشح للانتخابات في المغرب 2026,0,1,0%,16
business registration process in morocco cri,0,1,0%,18
الشغل عن بعد,0,1,0%,18
شروط الإقامة في المغرب,0,1,0%,18
قانون التوطين في المغرب,0,1,0%,18
مدونة الشغل 2026,0,1,0%,18
العقود والالتزامات,0,1,0%,19
الصفقات العمومية في المغرب,0,1,0%,20
المعاملات الإلكترونية في القانون المغربي,0,1,0%,20
امتناع بعض الورثة عن تقسيم التركة في القانون المغربي,0,1,0%,20
قانون الارث في المغرب,0,1,0%,20
"mahakim,ma",0,1,0%,21
حقوق المعاقين في المغرب,0,1,0%,22
قانون الرقمنة في المغرب,0,1,0%,22
morocco law 09-08 personal data protection cndp,0,1,0%,23
قانون الضمانات المنقولة,0,1,0%,24
company registration morocco,0,1,0%,26
foto,0,1,0%,26
القانون 49.17,0,1,0%,26
la nationalité marocaine,0,1,0%,27
code penal maroc,0,1,0%,28
nationality morocco,0,1,0%,28
تسجيل مولود جديد في الحالة المدنية بالمغرب 2026,0,1,0%,28
عقوبة الفساد في المغرب,0,1,0%,28
قانون الإرث في المغرب pdf,0,1,0%,28
moroccan citizenship by descent,0,1,0%,29
morocco contract law,0,1,0%,30
succession en línea,0,1,0%,33